{
  "model_type": "tabnet",
  "dataset": "credit_card",
  "model_config": {
    "n_d": 16,
    "n_a": 16,
    "n_steps": 5,
    "gamma": 1.5,
    "n_independent": 2,
    "n_shared": 2,
    "lambda_sparse": 0.001,
    "momentum": 0.3,
    "clip_value": 2.0,
    "optimizer_params": {
      "lr": 0.02
    },
    "batch_size": 1024,
    "virtual_batch_size": 128,
    "max_epochs": 100,
    "patience": 15,
    "random_state": 42
  },
  "metrics": {
    "accuracy": 0.9984977466199298,
    "precision": 0.9985022466300549,
    "recall": 0.9984977466199298,
    "f1": 0.9984977432296891,
    "auc": 0.9999700351729396
  },
  "training_time_seconds": 45.333961,
  "data_info": {
    "n_features": 30,
    "n_train": 12777,
    "n_val": 3195,
    "n_test": 3994
  },
  "timestamp": "2026-03-23T10:55:06.715185"
}